CMP-05D3C468,Omar,Gulistan,Electricity âš¡,High,2025-12-08 12:34:22
CMP-06E1F239,Fatima,Clifton,Gas ğŸ”¥,Low,2025-12-08 13:11:47
CMP-07A9B782,Hanzala,Saddar,Water ğŸ’§,High,2025-12-08 13:58:10
CMP-08C6D345,Usman,Liaquat,Internet ğŸŒ,Medium,2025-12-08 14:27:51
CMP-09F2E918,Rida,Gulshan,Electricity âš¡,Low,2025-12-08 15:03:44
CMP-10B7A561,Ahmed,Clifton,Gas ğŸ”¥,High,2025-12-08 15:49:33
CMP-11C3D672,Ayesha,Saddar,Water ğŸ’§,Medium,2025-12-08 16:22:18
CMP-12D9E487,Kamran,Liaquat,Internet ğŸŒ,Low,2025-12-08 16:58:09
CMP-13A4F598,Amna,Gulistan,Electricity âš¡,High,2025-12-08 17:33:55
CMP-14B6C391,Sami,Clifton,Gas ğŸ”¥,Medium,2025-12-08 18:10:42
CMP-15E8D264,Hira,Saddar,Water ğŸ’§,Low,2025-12-08 18:45:27
CMP-16F1A783,Zain,Gulshan,Internet ğŸŒ,High,2025-12-08 19:24:53
CMP-17C5B692,Adeel,Liaquat,Electricity âš¡,Medium,2025-12-08 19:59:16
CMP-18D3F581,Hina,Gulistan,Gas ğŸ”¥,Low,2025-12-08 20:33:05
CMP-19B7E492,Ali,Clifton,Water ğŸ’§,High,2025-12-08 21:12:11
CMP-20A9C375,Sara,Saddar,Internet ğŸŒ,Medium,2025-12-08 21:47:22
CMP-21F2D468,Omar,Gulshan,Electricity âš¡,Low,2025-12-08 22:24:39
CMP-22C1B395,Fatima,Liaquat,Gas ğŸ”¥,High,2025-12-08 22:59:55
CMP-23E4A276,Hanzala,Gulistan,Water ğŸ’§,Medium,2025-12-08 23:34:17
CMP-24B8D193,Usman,Clifton,Internet ğŸŒ,Low,2025-12-08 23:58:03
CMP-25D7C482,Rida,Saddar,Electricity âš¡,High,2025-12-09 00:23:44
CMP-26A3E591,Ahmed,Gulshan,Gas ğŸ”¥,Medium,2025-12-09 00:59:28
CMP-27F6B384,Ayesha,Liaquat,Water ğŸ’§,Low,2025-12-09 01:33:12
CMP-28C2D793,Kamran,Gulistan,Internet ğŸŒ,High,2025-12-09 02:12:49
CMP-29B5A682,Amna,Clifton,Electricity âš¡,Medium,2025-12-09 02:47:36
CMP-30E8F591,Sami,Saddar,Gas ğŸ”¥,Low,2025-12-09 03:22:11
CMP-31D1C384,Hira,Gulshan,Water ğŸ’§,High,2025-12-09 03:57:04
CMP-32A7B273,Zain,Liaquat,Internet ğŸŒ,Medium,2025-12-09 04:33:15
CMP-33C8D194,Adeel,Gulistan,Electricity âš¡,Low,2025-12-09 05:08:22
CMP-34F2A581,Hina,Clifton,Gas ğŸ”¥,High,2025-12-09 05:42:19
CMP-35B6C392,Ali,Saddar,Water ğŸ’§,Medium,2025-12-09 06:17:05
CMP-36D9E483,Sara,Gulshan,Internet ğŸŒ,Low,2025-12-09 06:53:12
CMP-37A4F594,Omar,Liaquat,Electricity âš¡,High,2025-12-09 07:29:43
CMP-38B7D381,Fatima,Gulistan,Gas ğŸ”¥,Medium,2025-12-09 08:03:27
CMP-39C3E472,Hanzala,Clifton,Water ğŸ’§,Low,2025-12-09 08:41:16
CMP-40D1A593,Usman,Saddar,Internet ğŸŒ,High,2025-12-09 09:17:32
CMP-41F5B384,Rida,Gulshan,Electricity âš¡,Medium,2025-12-09 09:52:09
CMP-42A2C495,Ahmed,Liaquat,Gas ğŸ”¥,Low,2025-12-09 10:28:54
CMP-43B8D386,Ayesha,Gulistan,Water ğŸ’§,High,2025-12-09 11:03:11
CMP-44C1E297,Kamran,Clifton,Internet ğŸŒ,Medium,2025-12-09 11:39:47
CMP-45D3F184,Amna,Saddar,Electricity âš¡,Low,2025-12-09 12:14:32
CMP-46E7A295,Sami,Gulshan,Gas ğŸ”¥,High,2025-12-09 12:50:03
CMP-47F2B386,Hira,Liaquat,Water ğŸ’§,Medium,2025-12-09 13:26:17
CMP-48A5C497,Zain,Gulistan,Internet ğŸŒ,Low,2025-12-09 14:02:55
CMP-49B1D384,Adeel,Clifton,Electricity âš¡,High,2025-12-09 14:39:11
CMP-50C6E295,Hina,Saddar,Gas ğŸ”¥,Medium,2025-12-09 15:14:22
CMP-51D3F486,Ali,Gulshan,Water ğŸ’§,Low,2025-12-09 15:50:47
CMP-52A7B397,Sara,Liaquat,Internet ğŸŒ,High,2025-12-09 16:27:36
CMP-53B8C284,Omar,Gulistan,Electricity âš¡,Medium,2025-12-09 17:02:14
CMP-54C1D395,Fatima,Clifton,Gas ğŸ”¥,Low,2025-12-09 17:38:03
CMP-55D6E284,Hanzala,Saddar,Water ğŸ’§,High,2025-12-09 18:13:27
CMP-56E3A395,Usman,Gulshan,Internet ğŸŒ,Medium,2025-12-09 18:49:42
CMP-57F7B284,Rida,Liaquat,Electricity âš¡,Low,2025-12-09 19:24:53
CMP-58A2C395,Ahmed,Gulistan,Gas ğŸ”¥,High,2025-12-09 20:02:14
CMP-59B5D284,Ayesha,Clifton,Water ğŸ’§,Medium,2025-12-09 20:38:33
CMP-60C8E395,Kamran,Saddar,Internet ğŸŒ,Low,2025-12-09 21:14:18
CMP-61D1A284,Amna,Gulshan,Electricity âš¡,High,2025-12-09 21:49:12
CMP-62E6B395,Sami,Liaquat,Gas ğŸ”¥,Medium,2025-12-09 22:24:05
CMP-63F3C284,Hira,Gulistan,Water ğŸ’§,Low,2025-12-09 22:59:33
CMP-64A5D395,Zain,Clifton,Internet ğŸŒ,High,2025-12-09 23:34:17
CMP-65B2E284,Adeel,Saddar,Electricity âš¡,Medium,2025-12-09 23:59:44
CMP-66C7F395,Hina,Gulshan,Gas ğŸ”¥,Low,2025-12-10 00:34:21
CMP-67D4A284,Ali,Liaquat,Water ğŸ’§,High,2025-12-10 01:09:33
CMP-68E1B395,Sara,Gulistan,Internet ğŸŒ,Medium,2025-12-10 01:45:12
CMP-69F6C284,Omar,Clifton,Electricity âš¡,Low,2025-12-10 02:20:55
CMP-70A3D395,Fatima,Saddar,Gas ğŸ”¥,High,2025-12-10 02:57:13
CMP-71B8E284,Hanzala,Gulshan,Water ğŸ’§,Medium,2025-12-10 03:32:44
CMP-72C5A395,Usman,Liaquat,Internet ğŸŒ,Low,2025-12-10 04:08:29
CMP-73D2B284,Rida,Gulistan,Electricity âš¡,High,2025-12-10 04:44:03
CMP-74E7C395,Ahmed,Clifton,Gas ğŸ”¥,Medium,2025-12-10 05:20:18
CMP-75F4D284,Ayesha,Saddar,Water ğŸ’§,Low,2025-12-10 05:55:42
CMP-76A1E395,Kamran,Gulshan,Internet ğŸŒ,High,2025-12-10 06:31:05
CMP-77B6A284,Amna,Liaquat,Electricity âš¡,Medium,2025-12-10 07:06:47
CMP-78C3B395,Sami,Gulistan,Gas ğŸ”¥,Low,2025-12-10 07:42:21
CMP-79D8C284,Hira,Clifton,Water ğŸ’§,High,2025-12-10 08:17:33
CMP-80E5D395,Zain,Saddar,Internet ğŸŒ,Medium,2025-12-10 08:53:12
CMP-81F2E284,Adeel,Gulshan,Electricity âš¡,Low,2025-12-10 09:28:47
CMP-82A7F395,Hina,Liaquat,Gas ğŸ”¥,High,2025-12-10 10:04:33
CMP-83B4A284,Ali,Gulistan,Water ğŸ’§,Medium,2025-12-10 10:40:05
CMP-84C1B395,Sara,Clifton,Internet ğŸŒ,Low,2025-12-10 11:15:42
CMP-85D6C284,Omar,Saddar,Electricity âš¡,High,2025-12-10 11:51:17
CMP-86E3D395,Fatima,Gulshan,Gas ğŸ”¥,Medium,2025-12-10 12:26:59
CMP-87F8E284,Hanzala,Liaquat,Water ğŸ’§,Low,2025-12-10 13:02:41
CMP-88A5A395,Usman,Gulistan,Internet ğŸŒ,High,2025-12-10 13:38:22
CMP-89B2B284,Rida,Clifton,Electricity âš¡,Medium,2025-12-10 14:14:03
CMP-90C7C395,Ahmed,Saddar,Gas ğŸ”¥,Low,2025-12-10 14:49:44
CMP-91D4D284,Ayesha,Gulshan,Water ğŸ’§,High,2025-12-10 15:25:27
CMP-92E1E395,Kamran,Liaquat,Internet ğŸŒ,Medium,2025-12-10 16:01:15
CMP-93F6A284,Amna,Gulistan,Electricity âš¡,Low,2025-12-10 16:37:02
CMP-94A3B395,Sami,Clifton,Gas ğŸ”¥,High,2025-12-10 17:12:44
CMP-95B8C284,Hira,Saddar,Water ğŸ’§,Medium,2025-12-10 17:48:31
CMP-96C5D395,Zain,Gulshan,Internet ğŸŒ,Low,2025-12-10 18:24:12
CMP-97D2E284,Adeel,Liaquat,Electricity âš¡,High,2025-12-10 19:00:53
CMP-98E7F395,Hina,Gulistan,Gas ğŸ”¥,Medium,2025-12-10 19:36:28
CMP-99F4A284,Ali,Clifton,Water ğŸ’§,Low,2025-12-10 20:12:17
CMP-100A1B395,Sara,Saddar,Internet ğŸŒ,High,2025-12-10 20:48:03
